This is your reminder to sit up straight!,Sit up and stretch! ,Roll your shoulders back! ,Time for a stretch break! ,Hey! Sit up straight! ,Time to think about your posture!!!,Don't slouch!,Stand up and stretch!
This is your reminder to sit up straight!,Sit up and stretch! ,Roll your shoulders back! ,Time for a stretch break! ,Hey! Sit up straight! ,Time to think about your posture!!!,Don't slouch!,Stand up and stretch!
This is your reminder to sit up straight!,Sit up and stretch! ,Roll your shoulders back! ,Time for a stretch break! ,Hey! Sit up straight! ,Time to think about your posture!!!,Don't slouch!,Stand up and stretch!
This is your reminder to sit up straight!,Sit up and stretch! ,Roll your shoulders back! ,Time for a stretch break! ,Hey! Sit up straight! ,Time to think about your posture!!!,Don't slouch!,Stand up and stretch!
This is your reminder to sit up straight!,Sit up and stretch! ,Roll your shoulders back! ,Time for a stretch break! ,Hey! Sit up straight! ,Time to think about your posture!!!,Don't slouch!,Stand up and stretch!
This is your reminder to sit up straight!,Sit up and stretch! ,Roll your shoulders back! ,Time for a stretch break! ,Hey! Sit up straight! ,Time to think about your posture!!!,Don't slouch!,Stand up and stretch!
This is your reminder to sit up straight!,Sit up and stretch! ,Roll your shoulders back! ,Time for a stretch break! ,Hey! Sit up straight! ,Time to think about your posture!!!,Don't slouch!,Stand up and stretch!
This is your reminder to sit up straight!,Sit up and stretch! ,Roll your shoulders back! ,Time for a stretch break! ,Hey! Sit up straight! ,Time to think about your posture!!!,Don't slouch!,Stand up and stretch!
This is your reminder to sit up straight!,Sit up and stretch! ,Roll your shoulders back! ,Time for a stretch break! ,Hey! Sit up straight! ,Time to think about your posture!!!,Don't slouch!,Stand up and stretch!
This is your reminder to sit up straight!,Sit up and stretch! ,Roll your shoulders back! ,Time for a stretch break! ,Hey! Sit up straight! ,Time to think about your posture!!!,Don't slouch!,Stand up and stretch!
This is your reminder to sit up straight!,Sit up and stretch! ,Roll your shoulders back! ,Time for a stretch break! ,Hey! Sit up straight! ,Time to think about your posture!!!,Don't slouch!,Stand up and stretch!
This is your reminder to sit up straight!,Sit up and stretch! ,Roll your shoulders back! ,Time for a stretch break! ,Hey! Sit up straight! ,Time to think about your posture!!!,Don't slouch!,Stand up and stretch!
This is your reminder to sit up straight!,Sit up and stretch! ,Roll your shoulders back! ,Time for a stretch break! ,Hey! Sit up straight! ,Time to think about your posture!!!,Don't slouch!,Stand up and stretch!
This is your reminder to sit up straight!,Sit up and stretch! ,Roll your shoulders back! ,Time for a stretch break! ,Hey! Sit up straight! ,Time to think about your posture!!!,Don't slouch!,Stand up and stretch!
This is your reminder to sit up straight!,Sit up and stretch! ,Roll your shoulders back! ,Time for a stretch break! ,Hey! Sit up straight! ,Time to think about your posture!!!,Don't slouch!,Stand up and stretch!
This is your reminder to sit up straight!,Sit up and stretch! ,Roll your shoulders back! ,Time for a stretch break! ,Hey! Sit up straight! ,Time to think about your posture!!!,Don't slouch!,Stand up and stretch!
This is your reminder to sit up straight!,Sit up and stretch! ,Roll your shoulders back! ,Time for a stretch break! ,Hey! Sit up straight! ,Time to think about your posture!!!,Don't slouch!,Stand up and stretch!
This is your reminder to sit up straight!,Sit up and stretch! ,Roll your shoulders back! ,Time for a stretch break! ,Hey! Sit up straight! ,Time to think about your posture!!!,Don't slouch!,Stand up and stretch!
This is your reminder to sit up straight!,Sit up and stretch! ,Roll your shoulders back! ,Time for a stretch break! ,Hey! Sit up straight! ,Time to think about your posture!!!,Don't slouch!,Stand up and stretch!
This is your reminder to sit up straight!,Sit up and stretch! ,Roll your shoulders back! ,Time for a stretch break! ,Hey! Sit up straight! ,Time to think about your posture!!!,Don't slouch!,Stand up and stretch!
This is your reminder to sit up straight!,Sit up and stretch! ,Roll your shoulders back! ,Time for a stretch break! ,Hey! Sit up straight! ,Time to think about your posture!!!,Don't slouch!,Stand up and stretch!
This is your reminder to sit up straight!,Sit up and stretch! ,Roll your shoulders back! ,Time for a stretch break! ,Hey! Sit up straight! ,Time to think about your posture!!!,Don't slouch!,Stand up and stretch!
This is your reminder to sit up straight!,Sit up and stretch! ,Roll your shoulders back! ,Time for a stretch break! ,Hey! Sit up straight! ,Time to think about your posture!!!,Don't slouch!,Stand up and stretch!
This is your reminder to sit up straight!,Sit up and stretch! ,Roll your shoulders back! ,Time for a stretch break! ,Hey! Sit up straight! ,Time to think about your posture!!!,Don't slouch!,Stand up and stretch!
This is your reminder to sit up straight!,Sit up and stretch! ,Roll your shoulders back! ,Time for a stretch break! ,Hey! Sit up straight! ,Time to think about your posture!!!,Don't slouch!,Stand up and stretch!
This is your reminder to sit up straight!,Sit up and stretch! ,Roll your shoulders back! ,Time for a stretch break! ,Hey! Sit up straight! ,Time to think about your posture!!!,Don't slouch!,Stand up and stretch!
This is your reminder to sit up straight!,Sit up and stretch! ,Roll your shoulders back! ,Time for a stretch break! ,Hey! Sit up straight! ,Time to think about your posture!!!,Don't slouch!,Stand up and stretch!
This is your reminder to sit up straight!,Sit up and stretch! ,Roll your shoulders back! ,Time for a stretch break! ,Hey! Sit up straight! ,Time to think about your posture!!!,Don't slouch!,Stand up and stretch!
This is your reminder to sit up straight!,Sit up and stretch! ,Roll your shoulders back! ,Time for a stretch break! ,Hey! Sit up straight! ,Time to think about your posture!!!,Don't slouch!,Stand up and stretch!
This is your reminder to sit up straight!,Sit up and stretch! ,Roll your shoulders back! ,Time for a stretch break! ,Hey! Sit up straight! ,Time to think about your posture!!!,Don't slouch!,Stand up and stretch!
This is your reminder to sit up straight!,Sit up and stretch! ,Roll your shoulders back! ,Time for a stretch break! ,Hey! Sit up straight! ,Time to think about your posture!!!,Don't slouch!,Stand up and stretch!
This is your reminder to sit up straight!,Sit up and stretch! ,Roll your shoulders back! ,Time for a stretch break! ,Hey! Sit up straight! ,Time to think about your posture!!!,Don't slouch!,Stand up and stretch!
This is your reminder to sit up straight!,Sit up and stretch! ,Roll your shoulders back! ,Time for a stretch break! ,Hey! Sit up straight! ,Time to think about your posture!!!,Don't slouch!,Stand up and stretch!
This is your reminder to sit up straight!,Sit up and stretch! ,Roll your shoulders back! ,Time for a stretch break! ,Hey! Sit up straight! ,Time to think about your posture!!!,Don't slouch!,Stand up and stretch!
This is your reminder to sit up straight!,Sit up and stretch! ,Roll your shoulders back! ,Time for a stretch break! ,Hey! Sit up straight! ,Time to think about your posture!!!,Don't slouch!,Stand up and stretch!
This is your reminder to sit up straight!,Sit up and stretch! ,Roll your shoulders back! ,Time for a stretch break! ,Hey! Sit up straight! ,Time to think about your posture!!!,Don't slouch!,Stand up and stretch!
This is your reminder to sit up straight!,Sit up and stretch! ,Roll your shoulders back! ,Time for a stretch break! ,Hey! Sit up straight! ,Time to think about your posture!!!,Don't slouch!,Stand up and stretch!
This is your reminder to sit up straight!,Sit up and stretch! ,Roll your shoulders back! ,Time for a stretch break! ,Hey! Sit up straight! ,Time to think about your posture!!!,Don't slouch!,Stand up and stretch!
This is your reminder to sit up straight!,Sit up and stretch! ,Roll your shoulders back! ,Time for a stretch break! ,Hey! Sit up straight! ,Time to think about your posture!!!,Don't slouch!,Stand up and stretch!
This is your reminder to sit up straight!,Sit up and stretch! ,Roll your shoulders back! ,Time for a stretch break! ,Hey! Sit up straight! ,Time to think about your posture!!!,Don't slouch!,Stand up and stretch!